{
  "Stacking": {
    "accuracy": 0.9172222222222223,
    "f1": 0.8323959505061868,
    "roc_auc": 0.9344274056138463
  },
  "GradientBoosting": {
    "accuracy": 0.9091666666666667,
    "f1": 0.8095515433896331,
    "roc_auc": 0.9325904004623403
  },
  "RandomForest": {
    "accuracy": 0.89,
    "f1": 0.7509433962264151,
    "roc_auc": 0.9286937892964258
  },
  "DecisionTree": {
    "accuracy": 0.8338888888888889,
    "f1": 0.6486486486486487,
    "roc_auc": 0.8459157624129375
  },
  "LogReg(scaled)": {
    "accuracy": 0.8119444444444445,
    "f1": 0.5606748864373783,
    "roc_auc": 0.7976922846979344
  },
  "Dummy(\"stratified\")": {
    "accuracy": 0.6152777777777778,
    "f1": 0.2660307366189719,
    "roc_auc": 0.5026724060622366
  }
}