,accuracy,f1_score,precision,recall,roc_auc
DummyClassifier,0.5133333333333333,0.42063492063492064,0.4108527131782946,0.43089430894308944,0.5007578889348215
Log_reg,0.805,0.7439824945295405,0.8056872037914692,0.6910569105691057,0.7876188507647788
